pond_ID,snare_ID,personnel,date_sampled,number_of_stumps_not_on_feeding_trails,number_of_feeding_trails,number_of_transects,transect_or_trail_ID,length_ft,number_of_trees_and_stumps_recorded,start_easting,start_northing,end_easting,end_northing,photos_of_sheets_uploaded,photos_of_trees_uploaded,comments
pond_04,snare_06,"LMC, RGN",10-04-2022,0,1,10,transect_01,230,87,522896,5346668,522900,5346597,3,0,
pond_04,snare_06,"LMC, RGN",10-04-2022,0,1,10,transect_02,230,76,522976,5346654,522971,5346586,3,0,
pond_04,snare_06,"LMC, RGN",10-04-2022,0,1,10,transect_03,230,84,523042,5346641,523031,5346585,3,0,
pond_04,snare_06,"LMC, RGN",10-04-2022,0,1,10,transect_04,230,81,523100,5346617,523136,5346560,3,0,
pond_04,snare_06,"LMC, RGN",10-04-2022,0,1,10,trail_01,27,11,523081,5346633,523087,5346645,1,0,old stumps not included 
pond_03,snare_05,"MAT, DRF",10-30-2022,na,na,10,transect_05,230,68,518640,5355903,518700,5355943,2,0,
pond_04,snare_06,"RGN, LMC",10-06-2022,0,1,10,transect_06,230,56,523004,5346721,523049,5346764,2,0,
pond_04,snare_06,"RGN, LMC",10-06-2022,0,1,10,transect_07,230,43,522963,5346776,522991,5346844,2,0,
pond_04,snare_06,"RGN, LMC",10-06-2022,0,1,10,transect_08,230,53,522915,5346764,522878,5346823,2,0,
pond_04,snare_06,"CRD, RGN",10-10-2022,0,1,10,transect_09,230,82,522908,5346708,522856,5346702,3,0,
pond_04,snare_06,"CRD, RGN",10-10-2022,0,1,10,transect_10,230,79,522946,5346692,522877,5346681,3,0,
pond_05,snare_07,"CRD, RGN",10-10-2022,0,1,10,trail_01,83,34,522627,5347266,522632,5347295,1,0,only trail at pond that included all available vegetation and new/medium gnaws/stumps
pond_05,snare_07,"CRD, ICE",10-18-2022,18,21,10,trail_02,35,1,522615,5347277,522612,5347286,1,0,
pond_05,snare_07,"CRD, ICE",10-18-2022,18,21,10,trail_03,24,1,522599,5347274,522605,5347283,1,0,
pond_05,snare_07,"CRD, ICE",10-18-2022,18,21,10,trail_04,56,3,522597,5347283,522603,5347297,1,0,
pond_05,snare_07,"CRD, ICE",10-18-2022,18,21,10,trail_04_branch_01,39,3,522598,5347286,522598,5347293,1,0,
pond_05,snare_07,"CRD, ICE",10-18-2022,18,21,10,trail_04_branch_02,90,4,522597,5347287,522600,5347291,1,0,
pond_05,snare_07,"CRD, ICE",10-18-2022,18,21,10,trail_04_branch_03,58,2,522600,5347294,522598,5347294,1,0,
pond_05,snare_07,"CRD, ICE",10-18-2022,18,21,10,trail_05,37,14,522592,5347278,522592,5347279,1,0,
pond_05,snare_07,"CRD, ICE",10-18-2022,18,21,10,trail_06,27,1,522579,5347276,522582,5347285,1,0,
pond_05,snare_07,"CRD, ICE",10-18-2022,18,21,10,trail_07,100,8,522568,5347276,522576,5347307,1,0,
pond_05,snare_07,"CRD, ICE",10-18-2022,18,21,10,trail_07_branch_01,100,2,522569,5347300,522573,5347307,1,0,
pond_05,snare_07,"CRD, ICE",10-18-2022,18,21,10,trail_07_branch_02,131,2,522568,5347304,522571,5347315,1,0,
pond_05,snare_07,"CRD, ICE",10-18-2022,18,21,10,trail_08,54,3,522555,5347286,522555,5347299,1,0,
pond_05,snare_07,"CRD, ICE",10-18-2022,18,21,10,trail_09,87,6,522538,5347300,522559,5347308,1,0,
pond_05,snare_07,"CRD, ICE",10-18-2022,18,21,10,trail_09_branch_01,113,8,522535,5347305,522551,5347332,1,0,
pond_05,snare_07,"CRD, ICE",10-18-2022,18,21,10,trail_09_branch_02,113,2,522550,5347322,522555,5347323,1,0,
pond_05,snare_07,"CRD, ICE",10-18-2022,18,21,10,trail_09_branch_03,38,1,522543,5347304,522541,5347310,1,0,
pond_05,snare_07,"CRD, ICE",10-18-2022,18,21,10,trail_10,27,3,522528,5347311,522534,5347316,1,0,
pond_05,snare_07,"CRD, ICE",10-18-2022,18,21,10,trail_11,45,9,522518,5347319,522521,5347324,1,0,
pond_05,snare_07,"CRD, ICE",10-18-2022,18,21,10,trail_12,58,7,522513,5347325,522518,5347339,1,0,
pond_05,snare_07,"CRD, ICE",10-18-2022,18,21,10,trail_13,65,4,522505,5347330,522503,5347349,1,0,
pond_05,snare_07,"CRD, ICE",10-18-2022,18,21,10,trail_14,8,1,522524,5347299,522523,5347299,1,0,
pond_05,snare_07,"CRD, ICE",10-18-2022,18,21,10,trail_15,23,2,522526,5347294,522524,5347288,1,0,
pond_05,snare_07,"CRD, ICE",10-18-2022,18,21,10,trail_16,31,2,522528,5347282,522522,5347290,1,0,
pond_05,snare_07,"CRD, ICE",10-18-2022,18,21,10,trail_17,52,6,522529,5347277,522516,5347272,1,0,
pond_05,snare_07,"CRD, ICE",10-18-2022,18,21,10,trail_18,50,5,522576,5347218,522556,5347193,1,0,
pond_05,snare_07,"CRD, ICE",10-18-2022,18,21,10,trail_19,66,1,522575,5347189,522560,5347176,1,0,
pond_05,snare_07,"CRD, ICE",10-18-2022,18,21,10,trail_20,67,4,522607,5347139,522585,5347136,1,0,
pond_05,snare_07,"CRD, ICE",10-18-2022,18,21,10,trail_21,45,1,522627,5347142,522594,5347131,1,0,
pond_05,snare_07,"CRD,RGN",10-10-2022,0,1,10,transect_01,230,82,522669,5347232,522738,5347253,3,0,
pond_05,snare_07,"CRD, RGN",10-10-2022,0,1,10,transect_02,230,67,522628,5347275,522654,5347337,2,0,
pond_05,snare_07,"CRD, ICE",10-18-2022,18,21,10,transect_03,230,32,522581,5347279,522559,5347348,1,0,
pond_05,snare_07,"CRD, ICE",10-18-2022,18,21,10,transect_04,230,34,522536,5347299,522523,5347366,1,0,
pond_04,snare_06,"RGN, LMC",10-06-2022,0,1,10,transect_05,230,50,523052,5346676,523097,5346727,2,0,
pond_05,snare_07,"CRD, ICE",10-18-2022,18,21,10,transect_06,230,64,522409,5346922,522489,5347199,2,0,
pond_05,snare_07,"CRD, ICE",10-18-2022,18,21,10,transect_07,230,28,522575,5347189,522523,5347140,1,0,
pond_06,snare_08,"DRF, MAT",10-11-2022,8,14,10,transect_01,230,115,519662,5347348,519732,5347353,4,0,
pond_06,snare_08,"DRF, MAT",10-11-2022,8,14,10,trail_01,13,5,519656,5347343,519663,5347339,1,0,included available vegetation and new/medium gnawed/stumps
pond_06,snare_08,"DRF, MAT",10-11-2022,8,14,10,trail_02,69,29,519661,5347356,519678,5347345,1,0,included available vegetation and new/medium gnawed/stumps
pond_06,snare_08,"DRF, MAT",10-11-2022,8,14,10,trail_03,65,35,519662,5347358,519683,5347350,1,0,included available vegetation and new/medium gnawed/stumps
pond_06,snare_08,"DRF, MAT",10-11-2022,8,14,10,trail_04,59,34,519661,5347358,519678,5347367,1,0,included available vegetation and new/medium gnawed/stumps
pond_06,snare_08,"DRF, MAT",10-11-2022,8,14,10,trail_05,54,36,519662,5347357,519674,5347364,1,0,included available vegetation and new/medium gnawed/stumps
pond_06,snare_08,"DRF, MAT",10-11-2022,8,14,10,trail_06,43,12,519657,5347378,519674,5347374,1,0,included available vegetation and new/medium gnawed/stumps
pond_06,snare_08,"MAT, DRF",10-18-2022,8,14,10,transect_08,230,125,519653,5347328,519607,5347283,4,0,
pond_05,snare_07,"CRD, ICE",10-18-2022,18,21,10,transect_05,230,55,522531,5347274,522463,5347262,2,0,
pond_06,snare_08,"MAT, DRF",10-18-2022,8,14,10,transect_09,230,84,519652,5347340,519585,5347316,4,0,
pond_06,snare_08,"MAT, DRF",10-18-2022,8,14,10,transect_06,230,90,519644,5347366,519577,5347367,3,0,
pond_06,snare_08,"MAT, DRF",10-18-2022,8,14,10,transect_03,230,85,519659,5347373,519730,5347392,3,0,
pond_06,snare_08,"MAT, DRF",10-18-2022,8,14,10,transect_10,230,94,519650,5347363,519585,5347339,3,0,
pond_06,snare_08,"MAT, DRF",10-18-2022,8,14,10,transect_07,230,100,519652,5347338,519718,5347338,3,0,
pond_06,snare_08,"MAT, DRF",10-18-2022,8,14,10,transect_02,230,115,519660,5347356,519727,5347379,4,0,
pond_18,snare_20,"MAT, DRF",10-23-2022,na,na,10,transect_10,230,84,514715,5346617,514665,5346663,3,0,fixed end UTM?
pond_06,snare_08,"MAT, DRF",10-18-2022,8,14,10,trail_09,6,1,519651,5347384,519645,5347383,1,0,
pond_06,snare_08,"MAT, DRF",10-18-2022,8,14,10,trail_08,12,3,519652,5347385,519648,5347387,1,0,
pond_06,snare_08,"MAT, DRF",10-18-2022,8,14,10,trail_13,48,6,519646,5347358,519639,5347352,1,0,
pond_06,snare_08,"MAT, DRF",10-18-2022,8,14,10,trail_12,17,6,519648,5347364,519644,5347357,1,0,
pond_06,snare_08,"MAT, DRF",10-18-2022,8,14,10,trail_07,26,4,519655,5347385,519659,5347396,1,0,
pond_06,snare_08,"MAT, DRF",10-18-2022,8,14,10,trail_14,9,3,519655,5347393,519656,5347386,1,0,
pond_06,snare_08,"MAT, DRF",10-18-2022,8,14,10,trail_11,38,12,519650,5347374,519642,5347365,1,0,
pond_06,snare_08,"MAT, DRF",10-18-2022,8,14,10,trail_10,17,1,519642,5347371,519641,5347371,1,0,
pond_11,snare_13,"DRF, MAT",09-26-2022,1,12,10,trail_01,10,3,517062,5350720,517058,5350717,1,0,included old stumps
pond_11,snare_13,"DRF, MAT",09-26-2022,1,12,10,trail_02,13,4,517058,5350717,517058,5350718,1,0,included old stumps
pond_11,snare_13,"DRF, MAT",09-26-2022,1,12,10,trail_03,102,64,517047,5350614,517017,5350621,2,1,included old stumps
pond_11,snare_13,"DRF, MAT",09-26-2022,1,12,10,trail_04,136,157,517012,5350532,516983,5350535,6,0,included old stumps
pond_11,snare_13,"DRF, MAT",09-26-2022,1,12,10,transect_01,230,89,516991,5350893,516939,5350938,2,0,
pond_11,snare_13,"DRF, MAT",09-26-2022,1,12,10,transect_02,230,105,517045,5350756,516989,5350713,2,2,
pond_11,snare_13,"DRF, MAT",09-26-2022,1,12,10,transect_03,230,143,517044,5350570,516975,5350584,3,5,
pond_11,snare_13,group,09-28-2022,1,12,10,transect_04,230,108,517148,5350495,517124,5350428,4,0,
pond_06,snare_08,"MAT, DRF",10-18-2022,8,14,10,transect_05,230,59,519656,5347378,519627,5347440,2,0,
pond_11,snare_13,"RGN, RWB",09-28-2022,1,12,10,transect_06,230,148,517207,5350294,517235,5350229,5,1,
pond_11,snare_13,"RGN, RWB",09-28-2022,1,12,10,transect_07,230,90,517344,5350401,517414,5350364,3,0,
pond_11,snare_13,"CRD, LMC",09-28-2022,1,12,10,transect_08,230,86,517281,5350544,517317,5350601,3,0,
pond_11,snare_13,"ICE, DRF",09-28-2022,1,12,10,transect_09,230,78,517163,5350702,517210,5350742,3,0,
pond_28,snare_30,"MAT, DRF",10-27-2022,na,na,10,transect_10,230,76,516859,5355235,516838,5355166,3,0,fixed end UTM?
pond_11,snare_13,"LMC, DRF",09-29-2022,1,12,10,trail_06,5,3,517050,5350890,517053,5350888,1,0,included old stumps
pond_11,snare_13,"LMC, DRF",09-29-2022,1,12,10,trail_07,3,4,517132,5350762,517134,5350767,1,0,included old stumps
pond_11,snare_13,"LMC, DRF",09-29-2022,1,12,10,trail_08,16,11,517182,5350691,517185,5350695,1,0,included old stumps
pond_11,snare_13,"LMC, DRF",09-29-2022,1,12,10,trail_09,34,17,517247,5350597,517256,5350597,1,0,included old stumps
pond_11,snare_13,"LMC, DRF",09-29-2022,1,12,10,trail_10,48,67,517180,5350288,517179,5350272,2,0,included old stumps
pond_11,snare_13,"LMC, DRF",09-29-2022,1,12,10,trail_11,62,72,517162,5350290,517148,5350301,2,0,included old stumps
pond_11,snare_13,"LMC, DRF",09-29-2022,1,12,10,trail_12,111,131,517022,5350454,517040,5350436,4,0,included old stumps
pond_11,snare_13,"LMC, DRF",09-29-2022,1,12,10,trail_12_branch_01,9,14,517040,5350436,517038,5350437,1,0,included old stumps
pond_11,snare_13,"LMC, DRF",09-29-2022,1,12,10,trail_12_branch_02,17,16,517033,5350444,517034,5350442,1,0,included old stumps
pond_11,snare_13,"LMC, DRF",09-29-2022,1,12,10,trail_12_branch_03,35,36,517027,5350441,517022,5350431,2,0,included old stumps
pond_11,snare_13,"DRF, MAT",09-30-2022,1,12,10,trail_04_branch_01,74,10,516993,5350545,517012,5350532,1,0,included old stumps
pond_11,snare_13,"DRF, MAT",09-30-2022,1,12,10,trail_05,15,11,517029,5350930,517038,5350924,1,0,included old stumps
pond_14,snare_16,"DRF, MAT",09-30-2022,35,56,10,trail_08,17,81,511853,5350662,511848,5350663,3,0,included old stumps
pond_14,snare_16,"DRF, MAT",09-30-2022,35,56,10,trail_07,56,84,511865,5350662,511854,5350671,3,0,included old stumps
pond_14,snare_16,"DRF, MAT",09-30-2022,35,56,10,trail_06,16,58,511867,5350668,511865,5350670,2,0,included old stumps
pond_14,snare_16,"DRF, MAT",09-30-2022,35,56,10,trail_05,27,40,511866,5350668,511861,5350674,2,1,included old stumps
pond_14,snare_16,"DRF, MAT",09-30-2022,35,56,10,trail_04,14,37,511868,5350668,511871,5350671,2,0,included old stumps
pond_14,snare_16,"DRF, MAT",09-30-2022,35,56,10,trail_03,30,43,511869,5350667,511873,5350672,2,0,included old stumps
pond_14,snare_16,"DRF, MAT",09-30-2022,35,56,10,trail_02,16,32,511874,5350664,511877,5350660,1,0,included old stumps
pond_14,snare_16,"DRF, MAT",09-30-2022,35,56,10,trail_01,4,8,511867,5350653,511871,5350652,1,0,included old stumps
pond_14,snare_16,"DRF, AK",10-01-2022,35,56,10,trail_23,21,36,511864,5350743,511860,5350748,2,0,included old stumps
pond_14,snare_16,"DRF, AK",10-01-2022,35,56,10,trail_23_branch_01,9,12,511866,5350749,511865,5350749,1,0,included old stumps
pond_14,snare_16,"DRF, AK",10-01-2022,35,56,10,trail_22,29,45,511869,5350747,511872,5350753,2,0,included old stumps
pond_14,snare_16,"DRF, AK",10-01-2022,35,56,10,trail_21,20,26,511869,5350745,511874,5350743,2,0,included old stumps
pond_14,snare_16,"DRF, AK",10-01-2022,35,56,10,trail_20,5,7,511868,5350742,511873,5350747,1,0,included old stumps
pond_14,snare_16,"DRF, AK",10-01-2022,35,56,10,trail_19,9,11,511867,5350741,511867,5350738,1,1,included old stumps
pond_14,snare_16,"DRF, AK",10-01-2022,35,56,10,trail_18,28,37,511857,5350723,511862,5350725,2,0,included old stumps
pond_14,snare_16,"DRF, AK",10-01-2022,35,56,10,trail_17,27,45,511862,5350712,511870,5350707,2,0,included old stumps
pond_14,snare_16,"DRF, AK",10-01-2022,35,56,10,trail_16,9,27,511862,5350711,511860,5350710,1,0,included old stumps
pond_14,snare_16,"DRF, AK",10-01-2022,35,56,10,trail_15,19,33,511861,5350711,511866,5350708,1,2,included old stumps
pond_14,snare_16,"DRF, AK",10-01-2022,35,56,10,trail_14,19,39,511847,5350717,511852,5350715,1,0,included old stumps
pond_14,snare_16,"DRF, AK",10-01-2022,35,56,10,trail_13,24,20,511842,5350708,511849,5350708,1,0,included old stumps
pond_14,snare_16,"DRF, AK",10-01-2022,35,56,10,trail_12,20,69,511857,5350711,511851,5350708,1,0,included old stumps
pond_14,snare_16,"DRF, AK",10-01-2022,35,56,10,trail_11,24,38,511843,5350714,511851,5350709,1,0,included old stumps
pond_14,snare_16,"DRF, AK",10-01-2022,35,56,10,trail_10,8,19,511845,5350673,511847,5350672,1,0,included old stumps
pond_14,snare_16,"DRF, AK",10-01-2022,35,56,10,trail_09,6,16,511843,5350669,511845,5350669,1,0,included old stumps
pond_14,snare_16,"CRD, DRF",10-03-2022,35,56,10,trail_32,52,5,511657,5350722,511648,5350737,1,0,decided not to sample old stumps along trails on the day this pond was sampled
pond_14,snare_16,"CRD, DRF",10-03-2022,35,56,10,trail_31,51,26,511700,5350756,511689,5350764,1,0,decided not to sample old stumps along trails on the day this pond was sampled
pond_14,snare_16,"CRD, DRF",10-03-2022,35,56,10,trail_30,25,55,511706,5350762,511709,5350771,3,0,decided not to sample old stumps along trails on the day this pond was sampled
pond_14,snare_16,"CRD, DRF",10-03-2022,35,56,10,trail_29,98,72,511715,5350778,511698,5350796,2,0,decided not to sample old stumps along trails on the day this pond was sampled
pond_14,snare_16,"CRD, DRF",10-03-2022,35,56,10,trail_28,13,2,511728,5350774,511727,5350776,1,0,decided not to sample old stumps along trails on the day this pond was sampled
pond_14,snare_16,"CRD, DRF",10-03-2022,35,56,10,trail_27,17,12,511757,5350813,511750,5350812,1,0,decided not to sample old stumps along trails on the day this pond was sampled
pond_14,snare_16,"CRD, DRF",10-03-2022,35,56,10,trail_26,42,30,511757,5350812,511746,5350807,1,0,decided not to sample old stumps along trails on the day this pond was sampled
pond_14,snare_16,"CRD, DRF",10-03-2022,35,56,10,trail_26_branch_01,8,4,511749,5350811,511750,5350816,1,0,decided not to sample old stumps along trails on the day this pond was sampled
pond_14,snare_16,"CRD, DRF",10-03-2022,35,56,10,trail_25,96,64,511807,5350790,511832,5350805,2,0,decided not to sample old stumps along trails on the day this pond was sampled
pond_14,snare_16,"CRD, DRF",10-03-2022,35,56,10,trail_24,46,21,511848,5350769,511851,5350780,1,0,decided not to sample old stumps along trails on the day this pond was sampled
pond_14,snare_16,"CRD, DRF",10-03-2022,35,56,10,trail_24_branch_01,6,2,511850,5350775,511854,5350775,1,0,decided not to sample old stumps along trails on the day this pond was sampled
pond_14,snare_16,"CRD, DRF",10-03-2022,35,56,10,transect_03,230,134,511776,5350821,511840,5350848,4,0,did not include old stumps
pond_14,snare_16,"CRD, DRF",10-03-2022,35,56,10,transect_04,230,236,511707,5350759,511652,5350794,7,0,did not include old stumps
pond_07,snare_09,"CRD, ICE",10-21-2022,na,na,10,transect_05,230,42,519698,5347854,519656,5347902,2,0,
pond_14,snare_16,"CRD, DRF",10-03-2022,35,56,10,transect_06,230,142,511608,5350673,511539,5350654,4,0,did not include old stumps
pond_14,snare_16,"DRF, ICE",10-04-2022,35,56,10,transect_07,230,209,511836,5350585,511822,5350514,6,0,
pond_14,snare_16,"DRF, ICE",10-04-2022,35,56,10,transect_08,230,253,511792,5350538,511831,5350484,8,0,
pond_14,snare_16,"DRF, ICE",10-04-2022,35,56,10,trail_33,18,10,511850,5350627,511853,5350632,1,0,
pond_14,snare_16,"DRF, ICE",10-04-2022,35,56,10,trail_34,43,43,511852,5350627,511862,5350621,2,0,
pond_14,snare_16,"DRF, ICE",10-04-2022,35,56,10,trail_35,51,93,511852,5350625,511861,5350618,3,0,
pond_14,snare_16,"DRF, ICE",10-04-2022,35,56,10,trail_35_branch_01,8,4,511855,5350619,511852,5350618,1,0,
pond_14,snare_16,"DRF, ICE",10-04-2022,35,56,10,trail_35_branch_02,12,8,511854,5350623,511851,5350621,1,0,
pond_14,snare_16,"DRF, ICE",10-04-2022,35,56,10,trail_36,22,23,511851,5350615,511857,5350616,1,0,
pond_14,snare_16,"DRF, ICE",10-04-2022,35,56,10,trail_37,21,16,511852,5350612,511857,5350614,1,0,
pond_14,snare_16,"DRF, ICE",10-04-2022,35,56,10,trail_38,17,18,511868,5350602,511868,5350604,1,0,
pond_14,snare_16,"DRF, ICE",10-04-2022,35,56,10,trail_39,16,14,511812,5350574,511813,5350569,1,0,
pond_14,snare_16,"DRF, ICE",10-04-2022,35,56,10,trail_40,34,49,511798,5350559,511805,5350565,2,0,
pond_14,snare_16,"DRF, ICE",10-04-2022,35,56,10,trail_41,9,7,511787,5350553,511791,5350556,1,0,
pond_14,snare_16,"DRF, ICE",10-04-2022,35,56,10,trail_42,9,9,511791,5350550,511794,5350551,1,0,
pond_14,snare_16,"DRF, ICE",10-04-2022,35,56,10,trail_43,6,4,511789,5350547,511791,5350545,1,0,
pond_14,snare_16,"DRF, ICE",10-04-2022,35,56,10,trail_44,14,13,511793,5350545,511796,5350543,1,0,
pond_14,snare_16,"DRF, ICE",10-04-2022,35,56,10,trail_45,7,4,511786,5350540,511787,5350536,1,0,
pond_14,snare_16,"DRF, ICE",10-04-2022,35,56,10,trail_46,18,8,511788,5350543,511786,5350542,1,0,
pond_14,snare_16,"DRF, AK",10-04-2022,35,56,10,transect_02,230,121,511882,5350735,511949,5350734,5,0,
pond_14,snare_16,"CRD, ICE",10-06-2022,35,56,10,trail_47,21,22,511774,5350565,511769,5350563,1,0,
pond_14,snare_16,"CRD, ICE",10-06-2022,35,56,10,trail_48,9,7,511766,5350560,511768,5350560,1,0,
pond_14,snare_16,"CRD, ICE",10-06-2022,35,56,10,trail_49,13,13,511768,5350564,511766,5350562,1,0,
pond_14,snare_16,"CRD, ICE",10-06-2022,35,56,10,trail_50,19,6,511751,5350589,511753,5350587,1,0,
pond_14,snare_16,"CRD, ICE",10-06-2022,35,56,10,trail_51,13,18,511732,5350606,511735,5350607,1,0,
pond_14,snare_16,"CRD, ICE",10-06-2022,35,56,10,trail_52,9,11,511732,5350605,511733,5350605,1,0,
pond_14,snare_16,"CRD, ICE",10-06-2022,35,56,10,trail_53,7,3,511692,5350623,511694,5350619,1,0,
pond_14,snare_16,"CRD, ICE",10-06-2022,35,56,10,trail_54,12,14,511667,5350613,511671,5350615,1,0,
pond_14,snare_16,"CRD, ICE",10-06-2022,35,56,10,trail_55,18,15,511621,5350637,511616,5350638,1,0,
pond_14,snare_16,"CRD, ICE",10-06-2022,35,56,10,trail_56,24,22,511648,5350621,511645,5350619,1,0,
pond_14,snare_16,"CRD, ICE",10-06-2022,35,56,10,transect_09,230,124,511750,5350581,511705,5350518,4,0,
pond_14,snare_16,"CRD, ICE",10-06-2022,35,56,10,transect_10,230,150,511664,5350552,511643,5350552,5,0,
pond_14,snare_16,"ATH, TDG",09-29-2022,35,56,10,transect_01,230,283,511852,5350648,511911,5350606,8,0,
pond_17,snare_19,"MAT, DRF",10-19-2022,0,39,10,trail_01,91,3,515855,5346677,515863,5346696,1,0,
pond_17,snare_19,"MAT, DRF",10-19-2022,0,39,10,trail_01_branch_01,7,1,515858,5346692,515862,5346696,1,0,
pond_17,snare_19,"MAT, DRF",10-19-2022,0,39,10,trail_02_branch_01,37,3,515803,5346908,515810,5346909,1,0,
pond_17,snare_19,"MAT, DRF",10-19-2022,0,39,10,trail_02,122,7,515801,5346876,515797,5346908,1,0,
pond_17,snare_19,"MAT, DRF",10-19-2022,0,39,10,trail_03_branch_01,45,7,515786,5346901,515780,5346910,1,0,
pond_17,snare_19,"MAT, DRF",10-19-2022,0,39,10,trail_03,142,5,515798,5346875,515786,5346914,1,0,
pond_17,snare_19,"MAT, DRF",10-19-2022,0,39,10,trail_04_branch_01,13,3,515726,5346831,515726,5346832,1,0,
pond_17,snare_19,"MAT, DRF",10-19-2022,0,39,10,trail_04,43,3,515725,5346827,515714,5346832,1,0,
pond_17,snare_19,"MAT, DRF",10-19-2022,0,39,10,trail_03_branch_02,10,1,515777,5346905,515783,5346912,1,0,
pond_17,snare_19,"MAT, DRF",10-19-2022,0,39,10,trail_05,134,18,515716,5346811,515684,5346827,1,0,
pond_17,snare_19,"MAT, DRF",10-19-2022,0,39,10,trail_05_branch_01,9,1,515688,5346838,515689,5346835,1,0,
pond_17,snare_19,"MAT, DRF",10-19-2022,0,39,10,trail_06,158,7,515687,5346774,515641,5346785,1,0,
pond_17,snare_19,"MAT, DRF",10-19-2022,0,39,10,trail_06_branch_01,70,3,515666,5346777,515649,5346774,1,0,
pond_17,snare_19,"MAT, DRF",10-19-2022,0,39,10,trail_07,21,4,515684,5346766,515679,5346768,1,0,
pond_17,snare_19,"MAT, DRF",10-19-2022,0,39,10,trail_08,26,8,515682,5346762,515680,5346760,1,0,
pond_17,snare_19,"MAT, DRF",10-19-2022,0,39,10,trail_09,141,4,515682,5346753,515640,5346762,1,0,
pond_17,snare_19,"MAT, DRF",10-19-2022,0,39,10,trail_10,22,2,515687,5346748,515677,5346753,1,0,
pond_17,snare_19,"MAT, DRF",10-19-2022,0,39,10,trail_12,162,3,515690,5346741,515647,5346728,1,0,
pond_17,snare_19,"MAT, DRF",10-19-2022,0,39,10,trail_11,65,2,515687,5346752,515669,5346742,1,0,
pond_17,snare_19,"MAT, DRF",10-19-2022,0,39,10,trail_12_branch_01,30,2,515686,5346742,515675,5346742,1,0,
pond_17,snare_19,"MAT, DRF",10-19-2022,0,39,10,trail_12_branch_02,8,1,515685,5346750,515681,5346750,1,0,
pond_17,snare_19,"MAT, DRF",10-19-2022,0,39,10,trail_13_branch_01,105,6,515668,5346720,515646,5346709,1,0,
pond_17,snare_19,"MAT, DRF",10-19-2022,0,39,10,trail_13,175,7,515691,5346723,515639,5346718,1,0,
pond_17,snare_19,"MAT, DRF",10-19-2022,0,39,10,trail_14,37,2,515697,5346712,515687,5346714,1,0,
pond_17,snare_19,"MAT, DRF",10-19-2022,0,39,10,trail_13_branch_02,10,1,515686,5346723,515686,5346718,1,0,
pond_17,snare_19,"MAT, DRF",10-19-2022,0,39,10,trail_15,87,3,515694,5346705,515663,5346704,1,0,
pond_17,snare_19,"MAT, DRF",10-19-2022,0,39,10,trail_15_branch_01,31,3,515687,5346704,515680,5346711,1,0,
pond_17,snare_19,"MAT, DRF",10-19-2022,0,39,10,trail_16,42,4,515689,5346694,515677,5346699,1,0,
pond_17,snare_19,"MAT, DRF",10-19-2022,0,39,10,trail_17,28,1,515678,5346682,515676,5346692,1,0,
pond_17,snare_19,"MAT, DRF",10-19-2022,0,39,10,trail_18_branch_01,19,1,515654,5346697,515649,5346698,1,0,
pond_17,snare_19,"MAT, DRF",10-19-2022,0,39,10,trail_18,128,3,515675,5346683,515644,5346706,1,0,
pond_17,snare_19,"MAT, DRF",10-19-2022,0,39,10,trail_18_branch_02,11,2,515661,5346698,515660,5346704,1,0,
pond_17,snare_19,"MAT, DRF",10-19-2022,0,39,10,trail_19,28,5,515677,5346683,515667,5346683,1,0,
pond_17,snare_19,"MAT, DRF",10-19-2022,0,39,10,trail_20,17,1,515684,5346680,515679,5346678,1,0,
pond_08,snare_10,"RGN, RWB",10-23-2022,na,na,10,transect_05,230,90,517007,5345939,517024,5345872,3,0,
pond_25,snare_27,"CRD, RWB",10-04-2022,0,1,10,transect_08,230,60,516737,5349847,516828,5349868,2,0,fixed start UTM?
pond_17,snare_19,"MAT, DRF",10-19-2022,0,39,10,transect_03,230,119,515793,5346707,515850,5346748,4,0,
pond_17,snare_19,"MAT, DRF",10-19-2022,0,39,10,transect_02,230,71,515946,5346616,516008,5346647,2,0,
pond_17,snare_19,"MAT, DRF",10-19-2022,0,39,10,transect_01,230,67,515845,5346453,515892,5346399,2,0,
pond_19,snare_21,"LMC, ICE",09-30-2022,1,7,10,transect_01,230,105,520532,5346727,520503,5346672,3,1,
pond_19,snare_21,"LMC, ICE",09-30-2022,1,7,10,transect_02,230,86,520474,5346765,520440,5346699,3,0,"tree #2 was accidentally included in the final count of total trees, so all other tree numbers other than tree #1 have a number shift and the total is actually 86 trees"
pond_19,snare_21,"LMC, ICE",09-30-2022,1,7,10,transect_03,230,133,520408,5346795,520382,5346722,4,0,
pond_19,snare_21,"LMC, ICE",09-30-2022,1,7,10,transect_04,230,131,520458,5346841,520417,5346875,4,1,total number of trees for transect 4 should be 131 for all pages
pond_19,snare_21,"LMC, ICE",09-30-2022,1,7,10,trail_01,8,8,520442,5346781,520442,5346779,1,0,included old stumps
pond_09,snare_11,"RGN, RWB",10-20-2022,0,0,10,transect_05,230,73,517102,5345482,517092,5345526,3,0,
pond_19,snare_21,"LMC, ICE",10-01-2022,1,7,10,transect_06,230,148,520517,5346911,520470,5346968,4,0,
pond_19,snare_21,"LMC, ICE",10-01-2022,1,7,10,trail_02,44,20,520476,5346892,520458,5346897,1,0,included old stumps
pond_19,snare_21,"LMC, ICE",10-01-2022,1,7,10,trail_03,28,18,520472,5346897,520465,5346897,1,0,included old stumps
pond_19,snare_21,"LMC, ICE",10-01-2022,1,7,10,trail_04,40,14,520472,5346897,520478,5346910,1,0,included old stumps
pond_19,snare_21,"LMC, ICE",10-01-2022,1,7,10,trail_05,51,42,520490,5346909,520488,5346927,1,0,included old stumps
pond_19,snare_21,"LMC, ICE",10-03-2022,1,7,10,transect_07,230,97,520577,5346936,520543,5347010,3,0,total trees incorrect on data sheet; changed here from 98 to 97
pond_19,snare_21,"LMC, ICE",10-03-2022,1,7,10,transect_08,230,128,520617,5346899,520687,5346913,4,0,
pond_19,snare_21,"LMC, ICE",10-03-2022,1,7,10,transect_09,230,128,520619,5346829,520746,5346922,4,1,"Tree photo same type of tree as transect 10, included old stumps, incorrect end UTM"
pond_19,snare_21,"LMC, ICE",10-03-2022,1,7,10,transect_10,230,106,520591,5346768,520636,5346720,3,1,"Tree photo same type of tree as transect 9, included old stumps"
pond_19,snare_21,"LMC, ICE",10-03-2022,1,7,10,trail_06,50,7,520624,5346818,520627,5346814,1,0,decided not to sample old stumps along trails on the day this pond was sampled
pond_19,snare_21,"LMC, ICE",10-03-2022,1,7,10,trail_07,46,7,520598,5346784,520609,5346776,1,0,decided not to sample old stumps along trails on the day this pond was sampled
pond_22,snare_24,"ATH, TDG",09-26-2022,1,5,10,transect_01,230,128,512877,5348660,512800,5348652,5,0,
pond_22,snare_24,"ATH, TDG",09-26-2022,1,5,10,transect_02,230,85,512957,5348591,512979,5348516,4,0,
pond_22,snare_24,"ATH, TDG",09-26-2022,1,5,10,transect_03,230,83,513090,5348736,513080,5348666,4,0,
pond_22,snare_24,"ATH, TDG",09-26-2022,1,5,10,transect_04,230,64,513173,5348834,513245,5348832,3,0,
pond_10,snare_12,"CRD, ICE",10-26-2022,na,na,10,transect_05,230,152,518952,5345975,518963,5345903,5,0,
pond_22,snare_24,"ATH, TDG",09-26-2022,1,5,10,transect_06,230,88,513231,5349144,513301,5349141,4,0,
pond_22,snare_24,"ATH, TDG",09-29-2022,1,5,10,transect_07,230,56,513209,5349360,513272,5349340,2,0,
pond_22,snare_24,"ATH, TDG",09-26-2022,1,5,10,transect_08,230,102,513103,5349283,513077,5349326,3,0,
pond_22,snare_24,"ATH, TDG",09-26-2022,1,5,10,transect_09,230,58,513009,5349066,512947,5349095,2,0,
pond_22,snare_24,"ATH, TDG",09-29-2022,1,5,10,transect_10,230,85,512923,5348862,512861,5348896,3,0,
pond_22,snare_24,"ATH, TDG",09-29-2022,1,5,10,trail_01,29,11,513209,5349394,513216,5349394,1,0,
pond_22,snare_24,"ATH, TDG",09-29-2022,1,5,10,trail_02,71,22,513097,5349275,513079,5349271,1,0,
pond_22,snare_24,"ATH, TDG",09-29-2022,1,5,10,trail_03,28,26,513012,5349046,513009,5349051,1,0,
pond_22,snare_24,"ATH, TDG",09-29-2022,1,5,10,trail_04,30,31,513001,5349022,512998,5349027,1,0,
pond_22,snare_24,"ATH, TDG",09-29-2022,1,5,10,trail_05,30,28,512999,5349018,512992,5349021,1,0,
pond_24,snare_26,"ICE, RWB",10-10-2022,0,0,10,transect_01,230,78,514951,5349612,515011,5349646,3,0,
pond_24,snare_26,"ICE, RWB",10-10-2022,0,0,10,transect_02,230,87,515036,5349394,515104,5349410,3,0,
pond_24,snare_26,"ICE, RWB",10-10-2022,0,0,10,transect_03,230,128,515175,5349390,515213,5349438,4,0,
pond_17,snare_19,"MAT, DRF",10-19-2022,0,39,10,transect_04,230,143,515801,5346876,515809,5346047,4,0,incorrect end UTM
pond_11,snare_13,"CRD, LMC, ICE, DRF",09-28-2022,1,12,10,transect_05,230,198,517117,5350359,517055,5350380,6,0,
pond_24,snare_26,"RGN, RWB",10-18-2022,0,0,10,transect_06,230,94,515011,5349154,515071,5349167,3,0,
pond_24,snare_26,"RGN, RWB",10-18-2022,0,0,10,transect_07,230,104,515052,5349012,515038,5348937,3,0,
pond_24,snare_26,"RGN, RWB",10-18-2022,0,0,10,transect_08,230,102,514821,5349060,514745,5349055,3,0,
pond_24,snare_26,"RGN, RWB",10-18-2022,0,0,10,transect_09,230,68,514825,5349288,514763,5349298,2,0,
pond_24,snare_26,"RGN, RWB",10-18-2022,0,0,10,transect_10,230,269,514855,5349510,514790,5349523,8,0,
pond_25,snare_27,"CRD, RWB",09-30-2022,0,1,10,transect_01,230,176,516614,5349955,516633,5350022,5,0,
pond_25,snare_27,"CRD, RWB",09-30-2022,0,1,10,transect_02,230,78,516576,5349929,516600,5349940,3,0,
pond_25,snare_27,"CRD, RWB",09-30-2022,0,1,10,transect_03,230,84,516563,5349891,516528,5349851,3,0,
pond_25,snare_27,"CRD, RWB",09-30-2022,0,1,10,transect_04,230,119,516579,5349828,516523,5349795,3,0,
pond_25,snare_27,"CRD, RWB",09-30-2022,0,1,10,trail_01,160,62,516611,5349956,516622,5349974,2,0,included old stumps
pond_12,snare_14,"MAT, DRF",10-26-2022,na,na,10,transect_05,230,83,515720,5352056,515779,5352017,3,0,
pond_25,snare_27,"CRD, RWB",10-04-2022,0,1,10,transect_06,230,172,516697,5349759,516685,5349689,5,0,
pond_24,snare_26,"ICE, RWB",10-10-2022,0,0,10,transect_04,230,57,515110,5349369,515190,5349251,2,0,incorrect end UTM
pond_25,snare_27,"CRD, RWB",10-04-2022,0,1,10,transect_07,230,204,516769,5349781,516740,5349722,6,0,Incorrect end UTM
pond_25,snare_27,"CRD, RWB",10-04-2022,0,1,10,transect_09,230,198,516691,5349885,516706,5349947,6,0,
pond_25,snare_27,"MAT, RWB",10-06-2022,0,3,10,transect_10,230,157,516630,5349913,516693,5349935,5,0,
pond_25,snare_27,"MAT, RWB",10-06-2022,0,3,10,trail_02,123,80,516622,5349954,516650,5349964,3,0,
pond_25,snare_27,"MAT, RWB",10-06-2022,0,3,10,trail_02_branch_01,137,74,516629,5349949,516661,5349965,3,0,
pond_25,snare_27,"MAT, RWB",10-06-2022,0,3,10,trail_03,60,60,516634,5349905,516667,5349912,2,0,
pond_17,snare_19,"DRF, MAT",10-20-2022,0,39,10,transect_06,230,91,515626,5346619,515552,5346622,3,0,
pond_17,snare_19,"DRF, MAT",10-20-2022,0,39,10,transect_07,230,66,515743,5346657,515710,5346591,2,0,
pond_17,snare_19,"DRF, MAT",10-20-2022,0,39,10,transect_08,230,63,515767,5346550,515711,5346580,2,0,
pond_17,snare_19,"DRF, MAT",10-20-2022,0,39,10,transect_09,230,84,515731,5346465,515674,5346504,3,0,
pond_17,snare_19,"DRF, MAT",10-20-2022,0,39,10,transect_10,230,70,515691,5346353,515617,5346354,2,0,
pond_17,snare_19,"DRF, MAT",10-20-2022,0,39,10,trail_21,52,3,515685,5346680,515672,5346675,1,0,
pond_17,snare_19,"DRF, MAT",10-20-2022,0,39,10,trail_22,14,2,515669,5346644,515668,5346643,1,0,
pond_17,snare_19,"DRF, MAT",10-20-2022,0,39,10,trail_24,54,10,515662,5346638,515645,5346641,1,0,
pond_17,snare_19,"DRF, MAT",10-20-2022,0,39,10,trail_23,8,1,515666,5346647,515663,5346649,1,0,
pond_17,snare_19,"DRF, MAT",10-20-2022,0,39,10,trail_25,25,4,515668,5346636,515654,5346633,1,0,
pond_17,snare_19,"DRF, MAT",10-20-2022,0,39,10,trail_26,10,1,515669,5346633,515667,5346629,1,0,
pond_17,snare_19,"DRF, MAT",10-20-2022,0,39,10,trail_27,19,3,515664,5346617,515665,5346627,1,0,
pond_17,snare_19,"DRF, MAT",10-20-2022,0,39,10,trail_28,26,5,515654,5346621,515650,5346622,1,0,
pond_17,snare_19,"DRF, MAT",10-20-2022,0,39,10,trail_29,87,3,515679,5346613,515683,5346587,1,0,
pond_17,snare_19,"DRF, MAT",10-20-2022,0,39,10,trail_30,39,1,515676,5346611,515691,5346607,1,0,
pond_17,snare_19,"DRF, MAT",10-20-2022,0,39,10,trail_31,80,1,515685,5346634,515696,5346613,1,0,
pond_17,snare_19,"DRF, MAT",10-20-2022,0,39,10,trail_32,15,1,515686,5346632,515690,5346632,1,0,
pond_17,snare_19,"DRF, MAT",10-20-2022,0,39,10,trail_33,46,1,515709,5346654,515708,5346642,1,0,
pond_17,snare_19,"DRF, MAT",10-20-2022,0,39,10,trail_34,22,3,515713,5346663,515717,5346653,1,0,
pond_17,snare_19,"DRF, MAT",10-20-2022,0,39,10,trail_35,41,6,515748,5346625,515752,5346635,1,0,
pond_17,snare_19,"DRF, MAT",10-20-2022,0,39,10,trail_36,22,3,515744,5346616,515738,5346621,1,0,
pond_17,snare_19,"DRF, MAT",10-20-2022,0,39,10,trail_37,6,1,515741,5346609,515741,5346613,1,0,
pond_17,snare_19,"DRF, MAT",10-20-2022,0,39,10,trail_38,4,1,515752,5346611,515754,5346612,1,0,
pond_17,snare_19,"DRF, MAT",10-20-2022,0,39,10,trail_39,42,6,515654,5346624,515649,5346612,1,0,
pond_09,snare_11,"RGN, RWB",10-20-2022,0,0,10,transect_01,230,78,517661,5345620,517654,5345683,3,0,
pond_09,snare_11,"RGN, RWB",10-20-2022,0,0,10,transect_02,230,65,517587,5345586,517581,5345646,2,0,
pond_09,snare_11,"RGN, RWB",10-20-2022,0,0,10,transect_03,230,36,517431,5345547,517412,5345600,1,0,
pond_09,snare_11,"RGN, RWB",10-20-2022,0,0,10,transect_04,230,51,517266,5345512,517249,5345580,2,0,
pond_13,snare_15,"RGN, RWB",10-31-2022,na,na,10,transect_05,230,145,513176,5351739,513164,5351808,5,0,
pond_09,snare_11,"RGN, RWB",10-20-2022,0,0,10,transect_06,230,52,516971,5345442,516928,5345499,2,0,
pond_09,snare_11,"RGN, RWB",10-20-2022,0,0,10,transect_07,230,85,517107,5345379,517130,5345325,2,0,
pond_05,snare_07,"CRD, ICE",10-20-2022,64,31,10,transect_08,230,31,522638,5347113,522606,5347054,1,0,
pond_05,snare_07,"CRD, ICE",10-20-2022,64,31,10,transect_09,230,94,522672,5347147,522724,5347101,3,0,
pond_05,snare_07,"CRD, ICE",10-20-2022,64,31,10,transect_10,230,78,522679,5347187,522745,5347192,3,0,
pond_05,snare_07,"CRD, ICE",10-20-2022,64,31,10,trail_22,43,3,522625,5347118,522610,5347113,1,0,
pond_05,snare_07,"CRD, ICE",10-20-2022,64,31,10,trail_23,44,9,522642,5347109,522652,5347105,1,0,
pond_05,snare_07,"CRD, ICE",10-20-2022,64,31,10,trail_24,28,17,522661,5347117,522658,5347108,1,0,
pond_05,snare_07,"CRD, ICE",10-20-2022,64,31,10,trail_25,41,19,522664,5347113,522681,5347113,1,0,
pond_05,snare_07,"CRD, ICE",10-20-2022,64,31,10,trail_26,30,3,522670,5347135,522681,5347137,1,0,
pond_05,snare_07,"CRD, ICE",10-20-2022,64,31,10,trail_27,79,32,522680,5347146,522689,5347125,1,0,
pond_05,snare_07,"CRD, ICE",10-20-2022,64,31,10,trail_28,71,14,522659,5347150,522689,5347140,1,0,
pond_05,snare_07,"CRD, ICE",10-20-2022,64,31,10,trail_29,47,3,522688,5347162,522703,5347152,1,0,
pond_05,snare_07,"CRD, ICE",10-20-2022,64,31,10,trail_29_branch_01,53,3,522690,5347154,522685,5347148,1,0,
pond_05,snare_07,"CRD, ICE",10-20-2022,64,31,10,trail_30,122,5,522683,5347158,522712,5347159,1,0,
pond_05,snare_07,"CRD, ICE",10-20-2022,64,31,10,trail_31,59,9,522683,5347167,522693,5347164,1,0,
pond_09,snare_11,"RGN, RWB",10-21-2022,0,0,10,transect_08,230,62,517268,5345408,517282,5345338,2,0,
pond_09,snare_11,"RGN, RWB",10-21-2022,0,0,10,transect_09,230,142,517431,5345442,517406,5345392,4,0,
pond_09,snare_11,"RGN, RWB",10-21-2022,0,0,10,transect_10,230,159,517578,5345495,517589,5345427,5,0,
pond_08,snare_10,"RGN, RWB",10-21-2022,0,0,10,transect_01,230,147,516785,5345763,516778,5345818,4,0,
pond_08,snare_10,"RGN, RWB",10-21-2022,0,0,10,transect_02,230,118,516835,5345755,516846,5345679,4,0,
pond_27,snare_29,"MAT, DRF",10-21-2022,na,na,9,transect_01,230,90,517758,5346833,517696,5346799,3,0,
pond_27,snare_29,"MAT, DRF",10-21-2022,na,na,9,transect_02,230,46,517804,5346817,517806,5346745,2,0,
pond_27,snare_29,"MAT, DRF",10-21-2022,na,na,9,transect_03,230,51,517876,5346816,517882,5346741,2,0,
pond_27,snare_29,"MAT, DRF",10-21-2022,na,na,9,transect_04,230,53,517932,5346825,517942,5346752,2,0,
pond_14,snare_16,"CRD, DRF",10-03-2022,35,56,10,transect_05,230,128,511653,5350717,511605,5350757,4,0,did not include old stumps
pond_27,snare_29,"MAT, DRF",10-21-2022,na,na,9,transect_06,230,270,517937,5346993,517947,5347059,8,0,
pond_27,snare_29,"MAT, DRF",10-21-2022,na,na,9,transect_07,230,72,517885,5346936,517850,5346998,3,0,
pond_27,snare_29,"MAT, DRF",10-21-2022,na,na,9,transect_08,230,137,517841,5346902,517806,5346963,4,0,
pond_27,snare_29,"MAT, DRF",10-21-2022,na,na,9,transect_09,230,120,517787,5346868,517760,5346931,4,0,
pond_07,snare_09,"CRD, ICE",10-21-2022,na,na,10,transect_01,230,342,520094,5348088,520128,5348031,10,0,
pond_07,snare_09,"CRD, ICE",10-21-2022,na,na,10,transect_02,230,106,519965,5348018,520001,5347964,3,0,
pond_07,snare_09,"CRD, ICE",10-21-2022,na,na,10,transect_03,230,84,519888,5347914,519928,5347870,3,0,
pond_07,snare_09,"CRD, ICE",10-21-2022,na,na,10,transect_04,230,64,519754,5347906,519768,5347847,2,0,
pond_15,snare_17,"MAT, DRF",10-25-2022,na,na,10,transect_05,230,113,515065,5348315,515086,5348383,4,0,
pond_07,snare_09,"CRD, ICE",10-21-2022,na,na,10,transect_06,230,48,519685,5347950,519635,5347903,2,0,
pond_07,snare_09,"CRD, ICE",10-21-2022,na,na,10,transect_07,230,116,519664,5347998,519690,5348062,4,0,
pond_08,snare_10,"RGN, RWB",10-23-2022,na,na,10,transect_04,230,128,516913,5345833,516952,5345777,4,0,something seems strange about this UTM
pond_16,snare_18,"CRD, ICE",10-27-2022,na,na,10,transect_05,230,105,514342,5348325,514402,5348293,3,0,
pond_08,snare_10,"RGN, RWB",10-23-2022,na,na,10,transect_06,230,185,517145,5345986,517173,5345935,6,0,
pond_08,snare_10,"RGN, RWB",10-23-2022,na,na,10,transect_07,230,170,517113,5346071,517161,5346134,5,0,
pond_08,snare_10,"RGN, RWB",10-23-2022,na,na,10,transect_08,230,104,517016,5346099,517040,5346174,3,0,
pond_18,snare_20,"MAT, DRF",10-23-2022,na,na,10,transect_01,230,98,514773,5346610,514816,5346665,3,0,
pond_18,snare_20,"MAT, DRF",10-23-2022,na,na,10,transect_02,230,65,514842,5346608,514903,5346638,2,0,
pond_18,snare_20,"MAT, DRF",10-23-2022,na,na,10,transect_03,230,102,514815,5346580,514849,5346517,3,0,
pond_18,snare_20,"MAT, DRF",10-23-2022,na,na,10,transect_04,230,36,514747,5346558,514782,5346495,1,0,
pond_17,snare_19,"MAT, DRF",10-19-2022,0,39,10,transect_05,230,79,515679,5346755,515616,5346776,3,0,
pond_18,snare_20,"MAT, DRF",10-23-2022,na,na,10,transect_06,230,72,514683,5346456,514693,5346456,2,0,
pond_18,snare_20,"MAT, DRF",10-23-2022,na,na,10,transect_07,230,40,514601,5346479,514536,5346467,2,0,
pond_18,snare_20,"MAT, DRF",10-23-2022,na,na,10,transect_08,230,81,514663,5346524,514612,5346565,3,0,
pond_18,snare_20,"MAT, DRF",10-23-2022,na,na,10,transect_09,230,84,514665,5346580,514603,5346610,3,0,
pond_12,snare_14,"MAT, DRF",10-26-2022,na,na,10,transect_03,230,82,515746,5352219,514746,5352222,3,0,incorrect end UTM
pond_07,snare_09,"LMC, ICE",10-23-2022,na,na,10,transect_08,230,183,519786,5347976,519794,5348043,6,0,
pond_07,snare_09,"LMC, ICE",10-23-2022,na,na,10,transect_09,230,82,519895,5347972,519840,5348026,3,0,
pond_07,snare_09,"LMC, ICE",10-23-2022,na,na,10,transect_10,230,212,519996,5348048,519995,5348113,6,0,
pond_08,snare_10,"CRD, RWB",10-25-2022,na,na,10,transect_03,230,109,516727,5345691,516742,5345618,3,0,
pond_08,snare_10,"CRD, RWB",10-25-2022,na,na,10,transect_09,230,92,516855,5345866,516803,5345908,3,0,
pond_08,snare_10,"CRD, RWB",10-25-2022,na,na,10,transect_10,230,142,516903,5346001,516854,5346056,4,0,
pond_10,snare_12,"CRD, RWB",10-25-2022,na,na,10,transect_01,230,82,518872,5345977,518894,5345917,3,0,
pond_10,snare_12,"CRD, RWB",10-25-2022,na,na,10,transect_02,230,124,518906,5346106,518900,5346168,4,0,
pond_10,snare_12,"CRD, RWB",10-25-2022,na,na,10,transect_03,230,65,518958,5346044,518971,5346115,3,0,
pond_20,snare_22,"RGN, LMC",10-25-2022,na,na,10,transect_01,230,33,518879,5349860,518826,5349907,1,0,
pond_20,snare_22,"RGN, LMC",10-25-2022,na,na,10,transect_02,230,44,518935,5349884,518907,5349943,2,0,
pond_20,snare_22,"RGN, LMC",10-25-2022,na,na,10,transect_03,230,217,518975,5349940,518996,5350000,6,0,
pond_20,snare_22,"RGN, LMC",10-25-2022,na,na,10,transect_04,230,101,519002,5349888,519051,5349915,3,0,
pond_18,snare_20,"MAT, DRF",10-23-2022,na,na,10,transect_05,230,44,514719,5346514,514764,5346456,2,0,
pond_20,snare_22,"RGN, LMC",10-25-2022,na,na,10,transect_06,230,55,518994,5349803,519037,5349754,2,0,
pond_20,snare_22,"RGN, LMC",10-25-2022,na,na,10,transect_07,230,45,518942,5349764,518980,5349764,2,0,
pond_15,snare_17,"MAT, DRF",10-25-2022,na,na,10,transect_10,230,84,515038,5348239,515031,5348174,3,0,
pond_15,snare_17,"MAT, DRF",10-25-2022,na,na,10,transect_09,230,56,515091,5348252,515103,5348185,2,0,
pond_15,snare_17,"MAT, DRF",10-25-2022,na,na,10,transect_08,230,77,515133,5348272,515183,5348229,3,0,"ended at another pond, so it was 2m (6.66ft too short)"
pond_15,snare_17,"MAT, DRF",10-25-2022,na,na,10,transect_07,230,160,515158,5348306,515228,5348310,5,0,
pond_15,snare_17,"MAT, DRF",10-25-2022,na,na,10,transect_06,230,146,515115,5348322,515173,5348366,5,0,
pond_19,snare_21,"LMC, ICE",10-01-2022,1,7,10,transect_05,230,167,520482,5346910,520449,5346964,5,0,
pond_15,snare_17,"MAT, DRF",10-25-2022,na,na,10,transect_04,230,143,515009,5348337,515017,5348406,4,0,
pond_15,snare_17,"MAT, DRF",10-25-2022,na,na,10,transect_03,230,107,514970,5348336,514909,5348378,3,0,
pond_15,snare_17,"MAT, DRF",10-25-2022,na,na,10,transect_02,230,39,514975,5348284,514912,5348257,2,0,
pond_15,snare_17,"MAT, DRF",10-25-2022,na,na,10,transect_01,230,81,514985,5348230,514964,5348168,3,0,
pond_10,snare_12,"CRD, ICE",10-26-2022,na,na,10,transect_04,230,130,519005,5345991,519068,5346028,4,0,
pond_20,snare_22,"RGN, LMC",10-25-2022,na,na,10,transect_05,230,65,519079,5349835,519080,5349798,2,0,something seems wrong with these UTMs
pond_10,snare_12,"CRD, ICE",10-26-2022,na,na,10,transect_06,230,141,518793,5345930,518850,5345892,4,0,
pond_10,snare_12,"CRD, ICE",10-26-2022,na,na,10,transect_07,230,106,518726,5346015,518697,5346079,3,0,
pond_10,snare_12,"CRD, ICE",10-26-2022,na,na,10,transect_08,230,67,518784,5346054,518753,5346097,2,0,
pond_10,snare_12,"CRD, ICE",10-26-2022,na,na,10,transect_09,230,143,518842,5346050,518816,5346111,4,0,
pond_10,snare_12,"CRD, ICE",10-26-2022,na,na,10,transect_10,230,101,518867,5346088,518860,5346129,3,0,
pond_20,snare_22,"RGN, LMC",10-26-2022,na,na,10,transect_08,230,52,518892,5349742,518894,5349666,2,0,
pond_20,snare_22,"RGN, LMC",10-26-2022,na,na,10,transect_09,230,68,518823,5349759,518802,5349700,2,0,
pond_20,snare_22,"RGN, LMC",10-26-2022,na,na,10,transect_10,230,51,518807,5349820,518736,5349804,2,0,
pond_23,snare_25,"RGN, LMC",10-26-2022,na,na,10,transect_01,230,81,512874,5350053,512881,5350117,3,0,
pond_23,snare_25,"RGN, LMC",10-26-2022,na,na,10,transect_02,230,127,512944,5350096,512937,5350163,4,0,
pond_23,snare_25,"RGN, LMC",10-26-2022,na,na,10,transect_03,230,58,513010,5350049,513061,5350094,2,0,
pond_23,snare_25,"RGN, LMC",10-26-2022,na,na,10,transect_04,230,160,513090,5350031,513109,5350101,5,0,
pond_21,snare_23,"CRD, ICE",10-31-2022,na,na,10,transect_05,230,206,516041,5350957,516095,5350982,6,0,
pond_12,snare_14,"MAT, DRF",10-26-2022,na,na,10,transect_01,230,115,515649,5352165,515569,5352131,4,0,
pond_12,snare_14,"MAT, DRF",10-26-2022,na,na,10,transect_02,230,175,515631,5352232,515590,5352288,5,0,
pond_28,snare_30,"MAT, DRF",10-27-2022,na,na,10,transect_08,230,72,516936,5355239,516995,5255204,2,0,incorrect end UTM
pond_12,snare_14,"MAT, DRF",10-26-2022,na,na,10,transect_04,230,97,515715,5352127,515775,5352157,3,0,
pond_22,snare_24,"ATH, TDG",09-26-2022,1,5,10,transect_05,230,75,513171,5348924,513232,5348886,3,0,
pond_12,snare_14,"MAT, DRF",10-26-2022,na,na,10,transect_06,230,111,515701,5351989,515770,5351984,4,0,
pond_12,snare_14,"MAT, DRF",10-26-2022,na,na,10,transect_07,230,147,515744,5351922,515797,5351974,4,0,
pond_06,snare_08,"MAT, DRF",10-18-2022,8,14,10,transect_04,230,126,519658,5347303,519719,5347412,4,0,incorrect start UTM
pond_12,snare_14,"MAT, DRF",10-26-2022,na,na,10,transect_09,230,73,515614,5351967,515548,5351972,2,0,
pond_12,snare_14,"MAT, DRF",10-26-2022,na,na,10,transect_10,230,72,515642,5352062,515586,5352103,2,0,
pond_28,snare_30,"MAT, DRF",10-27-2022,na,na,10,transect_01,230,56,516815,5355256,516794,5355184,2,,
pond_28,snare_30,"MAT, DRF",10-27-2022,na,na,10,transect_02,230,266,516801,5355274,516734,5355259,8,,
pond_28,snare_30,"MAT, DRF",10-27-2022,na,na,10,transect_03,230,220,516814,5355288,516774,5355341,7,,
pond_28,snare_30,"MAT, DRF",10-27-2022,na,na,10,transect_04,230,247,516849,5355282,516853,5355350,7,,
pond_23,snare_25,"RGN, LMC",10-26-2022,na,na,10,transect_05,230,139,513144,5350009,513188,5350063,4,0,
pond_28,snare_30,"MAT, DRF",10-27-2022,na,na,10,transect_06,230,206,516911,5355293,516962,5355341,6,,
pond_28,snare_30,"MAT, DRF",10-27-2022,na,na,10,transect_07,230,100,516936,5355258,516984,5355313,3,0,
pond_11,snare_13,group,09-28-2022,1,12,10,transect_10,230,98,517210,5350745,517115,5350901,4,0,incorrect start UTM
pond_28,snare_30,"MAT, DRF",10-27-2022,na,na,10,transect_09,230,61,516903,5355215,516921,5355149,2,0,
pond_12,snare_14,"MAT, DRF",10-26-2022,na,na,10,transect_08,230,86,515661,5341884,515706,5351836,3,0,incorrect start UTM
pond_16,snare_18,"CRD, ICE",10-27-2022,na,na,10,transect_01,230,157,514113,5348692,514045,5348692,5,0,
pond_16,snare_18,"CRD, ICE",10-27-2022,na,na,10,transect_02,230,117,514171,5348573,514107,5348551,4,0,
pond_16,snare_18,"CRD, ICE",10-27-2022,na,na,10,transect_03,230,126,514256,5348469,514195,5348442,4,0,
pond_16,snare_18,"CRD, ICE",10-27-2022,na,na,10,transect_04,230,127,514242,5348374,514173,5348381,4,0,
pond_24,snare_26,"ICE, RWB",10-10-2022,0,0,10,transect_05,230,89,515099,5349286,515066,5349215,3,0,
pond_16,snare_18,"CRD, ICE",10-27-2022,na,na,10,transect_06,230,67,514393,5348455,514461,5348431,2,0,
pond_16,snare_18,"CRD, ICE",10-27-2022,na,na,10,transect_07,230,92,514362,5348552,514406,5348617,3,0,
pond_30,snare_32,"MAT, DRF",10-28-2022,na,na,9,transect_01,230,71,514821,5353627,514787,5353709,2,0,
pond_30,snare_32,"MAT, DRF",10-28-2022,na,na,9,transect_02,230,94,514892,5353577,514886,5353647,3,0,
pond_30,snare_32,"MAT, DRF",10-28-2022,na,na,9,transect_03,230,74,515022,5353632,514995,5353706,3,0,
pond_30,snare_32,"MAT, DRF",10-28-2022,na,na,9,transect_04,230,29,515112,5353678,515088,5353753,1,0,
pond_25,snare_27,"CRD, RWB",10-04-2022,0,1,10,transect_05,230,229,516638,5349788,516579,5349749,7,0,
pond_30,snare_32,"MAT, DRF",10-28-2022,na,na,9,transect_06,230,77,515062,5353617,515081,5353554,3,0,
pond_30,snare_32,"MAT, DRF",10-28-2022,na,na,9,transect_07,230,46,514950,5353597,514982,5353540,2,0,
pond_30,snare_32,"MAT, DRF",10-28-2022,na,na,9,transect_08,230,89,514820,5353553,514770,5353506,3,0,
pond_30,snare_32,"MAT, DRF",10-28-2022,na,na,9,transect_09,230,85,514777,5353600,514706,5353583,3,0,
pond_23,snare_25,"LMC, RWB",10-27-2022,na,na,10,transect_06,230,100,513127,5349917,513098,5349863,3,0,
pond_23,snare_25,"LMC, RWB",10-27-2022,na,na,10,transect_07,230,106,513052,5349942,513041,5349874,3,0,
pond_23,snare_25,"LMC, RWB",10-27-2022,na,na,10,transect_08,230,136,512974,5349956,512954,5349896,4,0,
pond_23,snare_25,"LMC, RWB",10-27-2022,na,na,10,transect_09,230,93,512891,5349958,512900,5349891,3,0,
pond_23,snare_25,"LMC, RWB",10-27-2022,na,na,10,transect_10,230,133,512848,5349964,512813,5349910,4,0,
pond_03,snare_05,"MAT, DRF",10-30-2022,na,na,10,transect_01,230,84,518730,5355630,518659,5355606,3,0,
pond_03,snare_05,"MAT, DRF",10-30-2022,na,na,10,transect_02,230,77,518705,5355749,518636,5355742,3,0,
pond_03,snare_05,"MAT, DRF",10-30-2022,na,na,10,transect_03,230,70,518648,5355873,518579,5355850,2,0,
pond_03,snare_05,"MAT, DRF",10-30-2022,na,na,10,transect_04,230,76,518583,5355972,518517,5356000,3,0,
pond_26,snare_28,"LMC, RGN",11-01-2022,na,na,10,transect_05,230,195,516358,5349367,516291,5349347,6,0,
pond_03,snare_05,"MAT, DRF",10-30-2022,na,na,10,transect_06,230,88,518682,5355788,518748,5355827,3,0,
pond_03,snare_05,"MAT, DRF",10-30-2022,na,na,10,transect_07,230,90,518739,5355695,518804,5355701,3,0,
pond_03,snare_05,"MAT, DRF",10-30-2022,na,na,10,transect_08,230,30,518760,5355379,518778,5355641,1,0,incorrect start UTM
pond_03,snare_05,"MAT, DRF",10-30-2022,na,na,10,transect_09,230,74,518825,5355561,518890,5355577,3,0,
pond_03,snare_05,"MAT, DRF",10-30-2022,na,na,10,transect_10,230,55,518748,5355543,518680,5355543,2,0,
pond_16,snare_18,"CRD, ICE",10-31-2022,na,na,10,transect_08,230,140,514332,5348688,514398,5348695,4,0,
pond_16,snare_18,"CRD, ICE",10-31-2022,na,na,10,transect_09,230,78,514300,5348767,514347,5348828,3,0,
pond_16,snare_18,"CRD, ICE",10-31-2022,na,na,10,transect_10,230,110,514138,5348781,514131,5348849,4,0,
pond_21,snare_23,"CRD, ICE",10-31-2022,na,na,10,transect_01,230,95,515910,5351021,515849,5351015,3,0,
pond_21,snare_23,"CRD, ICE",10-31-2022,na,na,10,transect_02,230,81,515876,5351101,515819,5351154,3,0,
pond_21,snare_23,"CRD, ICE",10-31-2022,na,na,10,transect_03,230,30,515950,5351096,516014,5351106,1,0,
pond_21,snare_23,"CRD, ICE",10-31-2022,na,na,10,transect_04,230,91,515978,5351022,516048,5351031,3,0,
pond_27,snare_29,"MAT, DRF",10-21-2022,na,na,9,transect_05,230,169,517989,5346867,518049,5346841,5,0,
pond_29,snare_31,"MAT, DRF",10-31-2022,na,na,10,transect_01,230,19,517776,5355037,517711,5355052,1,0,
pond_29,snare_31,"MAT, DRF",10-31-2022,na,na,10,transect_02,230,65,517785,5355107,517764,5355176,2,0,
pond_29,snare_31,"MAT, DRF",10-31-2022,na,na,10,transect_03,230,120,517958,5355069,518014,5155109,4,0,
pond_29,snare_31,"MAT, DRF",10-31-2022,na,na,10,transect_04,230,123,517901,5354947,517967,5354942,4,0,
pond_28,snare_30,"MAT, DRF",10-27-2022,na,na,10,transect_05,230,241,516870,5355268,516867,5355337,7,,
pond_29,snare_31,"MAT, DRF",10-31-2022,na,na,10,transect_06,230,111,517962,5354723,518026,5354743,4,0,
pond_29,snare_31,"MAT, DRF",10-31-2022,na,na,10,transect_07,230,69,517949,5354630,517882,5354650,2,0,
pond_29,snare_31,"MAT, DRF",10-31-2022,na,na,10,transect_08,230,80,517896,5354764,517862,5354702,3,0,
pond_29,snare_31,"MAT, DRF",10-31-2022,na,na,10,transect_09,230,75,517752,5354749,517684,5354753,3,0,
pond_29,snare_31,"MAT, DRF",10-31-2022,na,na,10,transect_10,230,38,517754,5354890,517684,5354905,2,0,
pond_13,snare_15,"RGN, RWB",10-31-2022,na,na,10,transect_01,230,63,513130,5351541,513088,5351481,2,0,
pond_13,snare_15,"RGN, RWB",10-31-2022,na,na,10,transect_02,230,62,513108,5351560,513049,5351591,2,0,
pond_13,snare_15,"RGN, RWB",10-31-2022,na,na,10,transect_03,230,89,513118,5351624,513074,5351649,3,0,
pond_13,snare_15,"RGN, RWB",10-31-2022,na,na,10,transect_04,230,108,513138,5351693,513081,5351718,3,0,
pond_29,snare_31,"MAT, DRF",10-31-2022,na,na,10,transect_05,230,74,517933,5354816,517935,5354886,3,0,
pond_13,snare_15,"RGN, RWB",10-31-2022,na,na,10,transect_06,230,124,513190,5351695,513245,5351642,4,0,
pond_13,snare_15,"RGN, RWB",10-31-2022,na,na,10,transect_07,230,106,513169,5351629,513222,5351602,3,0,
pond_13,snare_15,"RGN, RWB",10-31-2022,na,na,10,transect_08,230,71,513165,5351583,513230,5351567,2,0,
pond_13,snare_15,"RGN, RWB",10-31-2022,na,na,10,transect_09,230,82,513174,5351502,513231,5351485,3,0,
pond_13,snare_15,"RGN, RWB",10-31-2022,na,na,10,transect_10,230,146,513153,5351485,513087,5351458,5,0,
pond_21,snare_23,"CRD, ICE",11-01-2022,na,na,10,transect_06,230,240,516017,5350878,516079,5350872,7,0,
pond_21,snare_23,"CRD, ICE",11-01-2022,na,na,10,transect_07,230,105,516042,5350787,516111,5350798,3,0,
pond_21,snare_23,"CRD, ICE",11-01-2022,na,na,10,transect_08,230,76,516015,5350792,515935,5350774,3,0,
pond_21,snare_23,"CRD, ICE",11-01-2022,na,na,10,transect_09,230,104,515977,5350858,515902,5350855,3,0,
pond_21,snare_23,"CRD, ICE",11-01-2022,na,na,10,transect_10,230,99,515946,5350954,515899,5350900,3,0,
pond_26,snare_28,"LMC, RGN",11-01-2022,na,na,10,transect_01,230,162,516451,5349476,516506,5349509,5,0,
pond_26,snare_28,"LMC, RGN",11-01-2022,na,na,10,transect_02,230,74,516487,5349443,516548,5349434,2,0,
pond_26,snare_28,"LMC, RGN",11-01-2022,na,na,10,transect_03,230,149,516443,5349395,516451,5349339,5,0,
pond_26,snare_28,"LMC, RGN",11-01-2022,na,na,10,transect_04,230,195,516387,5349372,516389,5349309,6,0,
pond_30,snare_32,"MAT, DRF",10-28-2022,na,na,9,transect_05,230,46,515136,5353667,515167,5353601,2,0,
pond_26,snare_28,"LMC, RGN",11-01-2022,na,na,10,transect_06,230,153,516331,5349410,516276,5349395,5,0,
pond_26,snare_28,"LMC, RGN",11-01-2022,na,na,10,transect_07,230,49,516275,5349441,516207,5349434,2,0,
pond_26,snare_28,"ICE, CRD",11-01-2022,na,na,10,transect_08,230,71,516322,5349488,516249,5349531,2,0,
pond_26,snare_28,"ICE, CRD",11-01-2022,na,na,10,transect_09,230,139,516365,5349537,516324,5349602,4,0,
pond_26,snare_28,"ICE, CRD",11-01-2022,na,na,10,transect_10,230,152,516407,5349521,516432,5349587,5,0,